Disease,Energy (kcal),Protein (g),Carbohydrate (g),"Sugars, total
(g)","Fiber, total dietary (g)",Total Fat (g),"Fatty acids, total saturated (g)",Cholesterol (mg),Niacin (mg),Folic acid (mcg),"Choline, total (mg)",Vitamin C (mg),Vitamin E (alpha-tocopherol) (mg),Calcium (mg),Phosphorus (mg),Magnesium (mg),Potassium (mg),Sodium (mg),Caffeine (mg),Theobromine (mg),Alcohol (g),"Water
(g)"
AcidReflux,210.8461164,4.190769423,9.730700342,6.17066714,0.821982299,15.86932554,6.017434013,22.38356554,1.314255315,0.076923077,18.52047843,6.593212374,1.670927909,32.410715,72.08795402,16.46569818,189.9332474,262.4574132,2.400193223,1.397137329,2.221120973,66.61665049
Cavities,172.4649123,1.16254386,42.43877193,34.57473684,3.224561404,1.299035088,0.826929825,0,0.708157895,0,8.218421053,11.80350877,0.517105263,36.07017544,33.49122807,21.07894737,340.2017544,14.45614035,0,0,0,54.2627193
FattyLiver,210.0110681,7.432098105,22.85725768,12.1422723,1.202787155,9.429707022,3.351491792,36.40544508,2.439251766,10.9610338,32.80267936,9.022095879,1.041871408,70.28929598,121.2518282,25.67961198,205.0012238,299.7937321,2.188027343,8.773653737,1.031819153,57.68764374
Gastritis,258.9538154,7.940351925,24.54019483,12.58304966,1.217861759,13.66212461,5.267835885,48.20798468,2.882812374,13.26362315,38.68614149,6.808949768,1.269115965,54.33604033,121.7514776,27.80572628,214.4583749,346.476272,3.888414752,11.03129682,1.255653356,50.91041729
Obesity,248.0141118,7.501707277,25.76549516,12.91832264,1.066087206,12.7185154,5.002395129,33.03467877,1.922636188,7.45901398,27.59570064,3.741571618,0.877049217,71.41971696,119.1616291,20.83286067,214.228288,347.4016789,1.766217985,8.14353022,0.825143634,51.5194174
Pancreatitis,255.8502718,4.920109224,9.196112368,5.775799974,0.500596219,20.18613281,7.71084723,28.84991725,1.439956589,0.1,20.28120529,1.211849163,2.024712692,28.87623719,79.89671203,14.22111276,130.7250806,321.7705987,3.12025119,1.816278528,2.887457265,61.44471615
Type1Diabetes,223.9599319,5.345727469,34.42044938,9.474010469,2.387163867,7.626032565,2.477949575,7.414175608,2.402022863,22.33891496,14.58531179,5.479231595,0.893283888,73.8218947,103.6840634,28.39269455,203.1133046,303.9382228,1.656789907,5.509046037,0.000272727,51.06457239
